{"loss": [7.422519683837891, 7.8980560302734375, 8.197366714477539, 8.215892791748047, 8.814712524414062, 8.84342098236084, 8.886991500854492, 8.843327522277832, 8.801213264465332, 8.838376998901367, 8.822001457214355, 8.947869300842285, 8.909199714660645, 8.823615074157715, 8.646282196044922, 8.372190475463867, 8.17471981048584, 8.7926664352417, 8.396711349487305, 8.097140312194824, 6.823509216308594, 6.248692512512207, 5.435838222503662, 6.9551682472229, 8.674948692321777, 9.821767807006836, 10.137418746948242, 10.120365142822266, 10.273505210876465, 10.193449020385742, 10.044325828552246, 10.01827335357666, 9.941983222961426, 9.904943466186523, 9.846525192260742, 9.716073036193848, 9.685298919677734, 9.4547119140625, 9.51442813873291, 9.757383346557617, 9.439061164855957, 9.496795654296875, 9.40888786315918, 9.26537036895752, 9.228233337402344, 9.210468292236328, 8.888591766357422, 8.954893112182617, 8.39933967590332, 8.013262748718262, 9.937009811401367, 11.264623641967773, 11.497814178466797, 11.51177978515625, 11.50015640258789, 11.439584732055664, 11.221251487731934, 11.081701278686523, 10.899574279785156, 10.206219673156738], "accuracy": [0.10428570955991745, 0.10428570955991745, 0.10428570955991745, 0.10428570955991745, 0.10428570955991745, 0.10428570955991745, 0.10428570955991745, 0.10428570955991745, 0.10428570955991745, 0.10428570955991745, 0.10428570955991745, 0.10428570955991745, 0.10428570955991745, 0.10428570955991745, 0.10428570955991745, 0.10428570955991745, 0.10428570955991745, 0.10428570955991745, 0.10428570955991745, 0.10428570955991745, 0.10571428388357162, 0.10071428120136261, 0.10357142984867096, 0.10000000149011612, 0.1071428582072258, 0.10499999672174454, 0.10357142984867096, 0.10571428388357162, 0.10642857104539871, 0.10857142508029938, 0.11357142776250839, 0.11071428656578064, 0.1128571406006813, 0.11428571492433548, 0.11571428179740906, 0.11714285612106323, 0.11785714328289032, 0.11714285612106323, 0.11714285612106323, 0.11571428179740906, 0.11714285612106323, 0.12142857164144516, 0.11999999731779099, 0.12857142090797424, 0.12999999523162842, 0.13214285671710968, 0.136428564786911, 0.14000000059604645, 0.14499999582767487, 0.12642857432365417, 0.11571428179740906, 0.12357142567634583, 0.12142857164144516, 0.12357142567634583, 0.12285713851451874, 0.12357142567634583, 0.12285713851451874, 0.12428571283817291, 0.12142857164144516, 0.12142857164144516], "val_loss": [7.586216926574707, 7.771541595458984, 7.675515651702881, 8.107504844665527, 8.221549987792969, 8.066749572753906, 7.890580177307129, 7.858468532562256, 7.89739465713501, 7.926361560821533, 8.10302448272705, 8.073511123657227, 8.04759407043457, 8.066158294677734, 8.219712257385254, 7.523814678192139, 7.798348903656006, 8.086791038513184, 7.886996269226074, 7.477746486663818, 7.551614761352539, 7.5373053550720215, 6.775367259979248, 7.095217227935791, 8.221973419189453, 8.42626667022705, 8.501588821411133, 8.660236358642578, 8.718931198120117, 8.525064468383789, 8.607635498046875, 8.588193893432617, 8.558716773986816, 8.51822280883789, 8.560583114624023, 8.529433250427246, 8.47854232788086, 8.253375053405762, 8.473138809204102, 8.424092292785645, 8.408651351928711, 8.398360252380371, 8.430123329162598, 8.36352825164795, 8.482275009155273, 8.391956329345703, 8.360140800476074, 8.415548324584961, 7.767885208129883, 8.501120567321777, 10.003705024719238, 10.396480560302734, 10.378182411193848, 10.364667892456055, 10.410271644592285, 10.37172794342041, 10.305764198303223, 10.204460144042969, 9.741456985473633, 9.15053653717041], "val_accuracy": [0.09030099958181381, 0.09030099958181381, 0.09030099958181381, 0.09030099958181381, 0.09030099958181381, 0.09030099958181381, 0.09030099958181381, 0.09030099958181381, 0.09030099958181381, 0.09030099958181381, 0.09030099958181381, 0.09030099958181381, 0.09030099958181381, 0.09030099958181381, 0.09030099958181381, 0.09030099958181381, 0.09030099958181381, 0.09030099958181381, 0.09030099958181381, 0.09030099958181381, 0.09197324514389038, 0.11538461595773697, 0.12207357585430145, 0.11872909963130951, 0.11538461595773697, 0.11204013228416443, 0.1137123703956604, 0.1137123703956604, 0.11705685406923294, 0.11538461595773697, 0.12374582141637802, 0.12709030508995056, 0.12709030508995056, 0.1254180520772934, 0.12374582141637802, 0.12207357585430145, 0.11705685406923294, 0.1137123703956604, 0.11872909963130951, 0.11036789417266846, 0.1137123703956604, 0.1137123703956604, 0.11204013228416443, 0.10702341049909592, 0.11036789417266846, 0.11204013228416443, 0.11872909963130951, 0.12207357585430145, 0.11705685406923294, 0.08193980157375336, 0.09531772136688232, 0.09364548325538635, 0.09364548325538635, 0.09531772136688232, 0.09531772136688232, 0.09531772136688232, 0.09531772136688232, 0.09364548325538635, 0.08862876147031784, 0.08695652335882187]}